https://www.kidsandus.es/es/academias-ingles/la-vaguada: lavaguada@kidsandus.es, lavaguada@kidsandus.es, teens.lavaguada@kidsandus.es, teens.lavaguada@kidsandus.es
https://www.kidsandus.es/es/academias-ingles/el-retiro: elretiro@kidsandus.es, elretiro@kidsandus.es, elretiro.tweensteens@kidsandus.es, elretiro.tweensteens@kidsandus.es
https://www.kidsandus.es/es/academias-ingles/chamartin: chamartin@kidsandus.es, chamartin@kidsandus.es, chamartin@kidsandus.es, chamartin@kidsandus.es
https://www.kidsandus.es/es/academias-ingles/sanchinarro: sanchinarro@kidsandus.es, sanchinarro@kidsandus.es
https://www.kidsandus.es/es/academias-ingles/mirasierra: mirasierra@kidsandus.es, mirasierra@kidsandus.es
https://www.kidsandus.es/es/academias-ingles/carabanchel: carabanchel.pau@kidsandus.es, carabanchel.pau@kidsandus.es, carabanchel.pautt@kidsandus.es, carabanchel.pautt@kidsandus.es, carabanchel.aviacion@kidsandus.es, carabanchel.aviacion@kidsandus.es
https://www.kidsandus.es/es/academias-ingles/lastablas: lastablas.norte@kidsandus.es, lastablas.norte@kidsandus.es, teens.lastablas@kidsandus.es, teens.lastablas@kidsandus.es, lastablas@kidsandus.es, lastablas@kidsandus.es
https://www.kidsandus.es/es/academias-ingles/villaverde: villaverde@kidsandus.es, villaverde@kidsandus.es, villaverde.butarque@kidsandus.es, villaverde.butarque@kidsandus.es
https://www.kidsandus.es/es/academias-ingles/pozuelo-alarcon: pozuelo.direccion@kidsandus.es, pozuelo.direccion@kidsandus.es
https://www.kidsandus.es/es/academias-ingles/paseoextremadura: paseo.extremadura@kidsandus.es, paseo.extremadura@kidsandus.es
https://www.kidsandus.es/es/academias-ingles/arganzuela-legazpi: arganzuela@kidsandus.es, arganzuela@kidsandus.es, arganzuela.legazpi@kidsandus.es, arganzuela.legazpi@kidsandus.es, teens.arganzuela@kidsandus.es, teens.arganzuela@kidsandus.es, teens.legazpi@kidsandus.es, teens.legazpi@kidsandus.es
https://www.kidsandus.es/es/academias-ingles/fuenlabrada: fuenlabrada@kidsandus.es, fuenlabrada@kidsandus.es, fuenlabrada.vivero@kidsandus.es, fuenlabrada.vivero@kidsandus.es, teensfuenlabrada@kidsandus.es, teensfuenlabrada@kidsandus.es, teensfuenlabrada@kidsandus.es, teensfuenlabrada@kidsandus.es
https://www.kidsandus.es/es/academias-ingles/sanfernandodehenares: sanfernandodehenares@kidsandus.es, sanfernandodehenares@kidsandus.es
https://www.kidsandus.es/es/academias-ingles/rivaslaluna: rivas.laluna@kidsandus.es, rivas.laluna@kidsandus.es
https://www.kidsandus.es/es/academias-ingles/torrejon-ardoz: torrejon@kidsandus.es, torrejon@kidsandus.es, torrejon.elsoto@kidsandus.es, torrejon.elsoto@kidsandus.es
https://www.kidsandus.es/es/academias-ingles/majadahonda: majadahonda@kidsandus.es, majadahonda@kidsandus.es
https://www.kidsandus.es/es/academias-ingles/mostoles: coordinacion.mostoles@kidsandus.es, coordinacion.mostoles@kidsandus.es, coordinacion.mostoles.sur@kidsandus.es, coordinacion.mostoles.sur@kidsandus.es, tweens.mostoles@kidsandus.es, tweens.mostoles@kidsandus.es
https://www.kidsandus.es/es/academias-ingles/alcobendas: alcobendas@kidsandus.es, alcobendas@kidsandus.es, alcobendas.fuentelucha@kidsandus.es, alcobendas.fuentelucha@kidsandus.es
https://www.kidsandus.es/es/academias-ingles/aranjuez: aranjuez@kidsandus.es, aranjuez@kidsandus.es, teens.aranjuez@kidsandus.es, teens.aranjuez@kidsandus.es
https://www.kidsandus.es/es/academias-ingles/arroyomolinos: arroyomolinos@kidsandus.es, arroyomolinos@kidsandus.es
https://www.kidsandus.es/es/academias-ingles/ventas: ventas@kidsandus.es, ventas@kidsandus.es
https://www.kidsandus.es/es/academias-ingles/toledo: toledo@kidsandus.es, toledo@kidsandus.es, toledo@kidsandus.es, toledo@kidsandus.es
https://www.kidsandus.es/es/academias-ingles/alcorcon: alcorcon@kidsandus.es, alcorcon@kidsandus.es, alcorcon@kidsandus.es, alcorcon@kidsandus.es
https://www.kidsandus.es/es/academias-ingles/illa: lescorts.illa@kidsandus.es, lescorts.illa@kidsandus.es
https://www.kidsandus.es/es/academias-ingles/vic: vic@kidsandus.cat, vic@kidsandus.cat
https://www.kidsandus.es/es/academias-ingles/galdakao: galdakao@kidsandus.es, galdakao@kidsandus.es
https://www.kidsandus.es/es/academias-ingles/el-rincon-de-la-victoria: elrincondelavictoria@kidsandus.es, elrincondelavictoria@kidsandus.es
https://www.kidsandus.es/es/academias-ingles/o-grove: ogrove@kidsandus.es, ogrove@kidsandus.es
https://www.kidsandus.es/es/academias-ingles/arnedo: arnedo@kidsandus.es, arnedo@kidsandus.es
https://www.kidsandus.es/es/academias-ingles/borriana: direccion.borriana@kidsandus.es, direccion.borriana@kidsandus.es
https://www.kidsandus.es/es/academias-ingles/leganes: leganes.norte@kidsandus.es, leganes.norte@kidsandus.es, leganes.oeste@kidsandus.es, leganes.oeste@kidsandus.es
https://www.kidsandus.es/es/academias-ingles/valdepenas: valdepenas@kidsandus.es, valdepenas@kidsandus.es
https://www.kidsandus.es/es/academias-ingles/nigran: nigran@kidsandus.es, nigran@kidsandus.es
https://www.kidsandus.es/es/academias-ingles/santander: santander@kidsandus.es, santander@kidsandus.es, teens.santander@kidsandus.es, teens.santander@kidsandus.es, santander.centro@kidsandus.es, santander.centro@kidsandus.es
https://www.kidsandus.es/es/academias-ingles/ciudad-real: ciudadreal@kidsandus.net, ciudadreal@kidsandus.net, teens.ciudadreal@kidsandus.es, teens.ciudadreal@kidsandus.es, ciudadreal.constitucion@kidsandus.es, ciudadreal.constitucion@kidsandus.es
https://www.kidsandus.es/es/academias-ingles/getafe: getafe@kidsandus.es, getafe@kidsandus.es, getafe.ellazo@kidsandus.es, getafe.ellazo@kidsandus.es
https://www.kidsandus.es/es/academias-ingles/aluche: aluche@kidsandus.es, aluche@kidsandus.es
https://www.kidsandus.es/es/academias-ingles/coslada: arantza.frieyro@kidsandus.es, arantza.frieyro@kidsandus.es
https://www.kidsandus.es/es/academias-ingles/elda: elda@kidsandus.es, elda@kidsandus.es
https://www.kidsandus.es/es/academias-ingles/tetuan: tetuan@kidsandus.es, tetuan@kidsandus.es
https://www.kidsandus.es/es/academias-ingles/badajoz: direccion.badajoz@kidsandus.es, direccion.badajoz@kidsandus.es
https://www.kidsandus.es/es/academias-ingles/vicalvaro: vicalvaro@kidsandus.es, vicalvaro@kidsandus.es
https://www.kidsandus.es/es/academias-ingles/ribeira: ribeira@kidsandus.es, ribeira@kidsandus.es
https://www.kidsandus.es/es/academias-ingles/bilbao: bilbao.centro@kidsandus.es, bilbao.centro@kidsandus.es, teens.bilbaocentro@kidsandus.es, teens.bilbaocentro@kidsandus.es
https://www.kidsandus.es/es/academias-ingles/canillas: canillas@kidsandus.es, canillas@kidsandus.es
https://www.kidsandus.es/es/academias-ingles/boadilla-monte: boadilladelmonte@kidsandus.es, boadilladelmonte@kidsandus.es, teens.boadilla@kidsandus.es, teens.boadilla@kidsandus.es
https://www.kidsandus.es/es/academias-ingles/vitoria: vitoria@kidsandus.es, vitoria@kidsandus.es, vitoria.salburua@kidsandus.es, vitoria.salburua@kidsandus.es, vitoria.lakua@kidsandus.es, vitoria.lakua@kidsandus.es
https://www.kidsandus.es/es/academias-ingles/sanluis: hortaleza.sanluis@kidsandus.es, hortaleza.sanluis@kidsandus.es
https://www.kidsandus.es/es/academias-ingles/paracuellos: paracuellos@kidsandus.es, paracuellos@kidsandus.es
https://www.kidsandus.es/es/academias-ingles/elchecentro: elche.centro@kidsandus.es, elche.centro@kidsandus.es
https://www.kidsandus.es/es/academias-ingles/valencia: valencia@kidsandus.es, valencia@kidsandus.es, valencia@kidsandus.es, valencia@kidsandus.es
https://www.kidsandus.es/es/academias-ingles/ssreyes: ssreyes.comunicacion@kidsandus.es, ssreyes.comunicacion@kidsandus.es
https://www.kidsandus.es/es/academias-ingles/santcugat: santcugat@kidsandus.cat, santcugat@kidsandus.cat
https://www.kidsandus.es/es/academias-ingles/lamartina: salou@kidsandus.es, salou@kidsandus.es, tarragona.arrabassada@kidsandus.es, tarragona.arrabassada@kidsandus.es
https://www.kidsandus.es/es/academias-ingles/navalcarnero: navalcarnero@kidsandus.es, navalcarnero@kidsandus.es
https://www.kidsandus.es/es/academias-ingles/montecarmelo: montecarmelo@kidsandus.es, montecarmelo@kidsandus.es, teens.montecarmelo@kidsandus.es, teens.montecarmelo@kidsandus.es
https://www.kidsandus.es/es/academias-ingles/mollet: mollet@kidsandus.cat, mollet@kidsandus.cat
https://www.kidsandus.es/es/academias-ingles/vallecas: vallecas@kidsandus.es, vallecas@kidsandus.es
https://www.kidsandus.es/es/academias-ingles/valdemoro: valdemoro@kidsandus.es, valdemoro@kidsandus.es
https://www.kidsandus.es/es/academias-ingles/arenys-demar: arenysdemar@kidsandus.cat, arenysdemar@kidsandus.cat
https://www.kidsandus.es/es/academias-ingles/pinto: pinto@kidsandus.es, pinto@kidsandus.es, pinto@kidsandus.es, pinto@kidsandus.es
https://www.kidsandus.es/es/academias-ingles/azuqueca: azuquecadehenares@kidsandus.es, azuquecadehenares@kidsandus.es
https://www.kidsandus.es/es/academias-ingles/argandadelrey: argandadelrey@kidsandus.es, argandadelrey@kidsandus.es
https://www.kidsandus.es/es/academias-ingles/aravaca: aravaca.madrid@kidsandus.es, aravaca.madrid@kidsandus.es
https://www.kidsandus.es/es/academias-ingles/trescantos: trescantos@kidsandus.es, trescantos@kidsandus.es
https://www.kidsandus.es/es/academias-ingles/usera: usera@kidsandus.es, usera@kidsandus.es
https://www.kidsandus.es/es/academias-ingles/lavallduixo: lavallduixo@kidsandus.es, lavallduixo@kidsandus.es
https://www.kidsandus.es/es/academias-ingles/guadalajara: guadalajara@kidsandus.es, guadalajara@kidsandus.es, teens.guadalajara@kidsandus.es, teens.guadalajara@kidsandus.es
https://www.kidsandus.es/es/academias-ingles/santadriabesos: santadria@kidsandus.es, santadria@kidsandus.es
https://www.kidsandus.es/es/academias-ingles/sabadell: sabadell.blasco@kidsandus.net, sabadell.blasco@kidsandus.net, sabadell.blasco@kidsandus.net, sabadell.blasco@kidsandus.net, sabadell.nord@kidsandus.es, sabadell.nord@kidsandus.es, sabadell.nord@kidsandus.es, sabadell.nord@kidsandus.es, sabadell.corominas@kidsandus.es, sabadell.corominas@kidsandus.es
https://www.kidsandus.es/es/academias-ingles/sevilla: sevilla@kidsandus.es, sevilla@kidsandus.es
https://www.kidsandus.es/es/academias-ingles/parla: parla@kidsandus.es, parla@kidsandus.es, parla.este@kidsandus.es, parla.este@kidsandus.es
https://www.kidsandus.es/es/academias-ingles/rivas-vaciamadrid: rivas@kidsandus.es, rivas@kidsandus.es
https://www.kidsandus.es/es/academias-ingles/carabancheloporto: carabanchel.oporto@kidsandus.es, carabanchel.oporto@kidsandus.es
https://www.kidsandus.es/es/academias-ingles/humanes: humanes@kidsandus.es, humanes@kidsandus.es
https://www.kidsandus.es/es/academias-ingles/ensanchedevallecas: ensanchedevallecas@kidsandus.es, ensanchedevallecas@kidsandus.es, lagavia@kidsandus.es, lagavia@kidsandus.es
https://www.kidsandus.es/es/academias-ingles/castrourdiales: castro.urdiales@kidsandus.es, castro.urdiales@kidsandus.es
https://www.kidsandus.es/es/academias-ingles/segovia: segovia@kidsandus.es, segovia@kidsandus.es, teens.segovia@kidsandus.es, teens.segovia@kidsandus.es
https://www.kidsandus.es/es/academias-ingles/illescas: illescas@kidsandus.es, illescas@kidsandus.es
https://www.kidsandus.es/es/academias-ingles/badajoz-valdepasillas: badajoz.valdepasillas@kidsandus.es, badajoz.valdepasillas@kidsandus.es
https://www.kidsandus.es/es/academias-ingles/meco: meco@kidsandus.es, meco@kidsandus.es
https://www.kidsandus.es/es/academias-ingles/vilagarcia: vilagarcia@kidsandus.es, vilagarcia@kidsandus.es
https://www.kidsandus.es/es/academias-ingles/algete: algete@kidsandus.es, algete@kidsandus.es
https://www.kidsandus.es/es/academias-ingles/concepcion: concepcion@kidsandus.es, concepcion@kidsandus.es
https://www.kidsandus.es/es/academias-ingles/barajas: barajas@kidsandus.es, barajas@kidsandus.es
https://www.kidsandus.es/es/academias-ingles/galapagar: galapagar@kidsandus.es, galapagar@kidsandus.es
https://www.kidsandus.es/es/academias-ingles/chamberi: chamberi@kidsandus.es, chamberi@kidsandus.es
https://www.kidsandus.es/es/academias-ingles/huesca: huesca.centro@kidsandus.es, huesca.centro@kidsandus.es
https://www.kidsandus.es/es/academias-ingles/zaragoza: zaragoza.universidad@kidsandus.es, zaragoza.universidad@kidsandus.es, zaragoza.actur@kidsandus.es, zaragoza.actur@kidsandus.es, zaragoza.valdespartera@kidsandus.es, zaragoza.valdespartera@kidsandus.es, teens.zaragoza.azucarera@kidsandus.es, teens.zaragoza.azucarera@kidsandus.es, zaragoza.romareda@kidsandus.es, zaragoza.romareda@kidsandus.es, zaragoza.miralbueno@kidsandus.es, zaragoza.miralbueno@kidsandus.es, zaragoza.miraflores@kidsandus.es, zaragoza.miraflores@kidsandus.es, zaragoza.parquevenecia@kidsandus.es, zaragoza.parquevenecia@kidsandus.es, zaragoza.azucarera@kidsandus.es, zaragoza.azucarera@kidsandus.es
https://www.kidsandus.es/es/academias-ingles/blanes: blanes@kidsandus.es, blanes@kidsandus.es, teens.blanes@kidsandus.es, teens.blanes@kidsandus.es
https://www.kidsandus.es/es/academias-ingles/lacorunacuatrocaminos: lacoruna.cuatrocaminos@kidsandus.es, lacoruna.cuatrocaminos@kidsandus.es
https://www.kidsandus.es/es/academias-ingles/arrasate: arrasate@kidsandus.es, arrasate@kidsandus.es
https://www.kidsandus.es/es/academias-ingles/alicante-granvia: alicante.granvia@kidsandus.es, alicante.granvia@kidsandus.es
https://www.kidsandus.es/es/academias-ingles/caceres: caceres@kidsandus.es, caceres@kidsandus.es
https://www.kidsandus.es/es/academias-ingles/valdebebas: valdebebas@kidsandus.es, valdebebas@kidsandus.es
https://www.kidsandus.es/es/academias-ingles/tudela: tudela@kidsandus.es, tudela@kidsandus.es
https://www.kidsandus.es/es/academias-ingles/basauri: basauri@kidsandus.es, basauri@kidsandus.es
https://www.kidsandus.es/es/academias-ingles/alhaurin-de-la-torre: alhaurin@kidsandus.es, alhaurin@kidsandus.es
https://www.kidsandus.es/es/academias-ingles/cartagenacentro: cartagena.centro@kidsandus.es, cartagena.centro@kidsandus.es
https://www.kidsandus.es/es/academias-ingles/villanuevadelacanada: villanuevadelacanada@kidsandus.es, villanuevadelacanada@kidsandus.es
https://www.kidsandus.es/es/academias-ingles/colmenarviejo: colmenarviejo@kidsandus.es, colmenarviejo@kidsandus.es
https://www.kidsandus.es/es/academias-ingles/lasrozas: lasrozas@kidsandus.es, lasrozas@kidsandus.es
https://www.kidsandus.es/es/academias-ingles/oviedo: oviedo.centro@kidsandus.es, oviedo.centro@kidsandus.es, oviedo.montecerrao@kidsandus.es, oviedo.montecerrao@kidsandus.es, oviedo.centro@kidsandus.es, oviedo.centro@kidsandus.es
https://www.kidsandus.es/es/academias-ingles/burgos: burgos@kidsandus.es, burgos@kidsandus.es, burgos.g2@kidsandus.es, burgos.g2@kidsandus.es, teens.burgos@kidsandus.es, teens.burgos@kidsandus.es
https://www.kidsandus.es/es/academias-ingles/valladolid-centro: valladolid.centro@kidsandus.es, valladolid.centro@kidsandus.es, valladolid.recoletos@kidsandus.es, valladolid.recoletos@kidsandus.es
https://www.kidsandus.es/es/academias-ingles/valencia-giorgeta: valenciagiorgeta@kidsandus.es, valenciagiorgeta@kidsandus.es, valenciagiorgeta@kidsandus.es, valenciagiorgeta@kidsandus.es
https://www.kidsandus.es/es/academias-ingles/cornella: cornella@kidsandus.es, cornella@kidsandus.es, cornella.gavarra@kidsandus.es, cornella.gavarra@kidsandus.es
https://www.kidsandus.es/es/academias-ingles/logrono: logrono.chile@kidsandus.es, logrono.chile@kidsandus.es, logrono.centro@kidsandus.es, logrono.centro@kidsandus.es, logrono.chile@kidsandus.es, logrono.chile@kidsandus.es
https://www.kidsandus.es/es/academias-ingles/portugaleteysanturtzi: portugalete@kidsandus.es, portugalete@kidsandus.es, santurtzi@kidsandus.es, santurtzi@kidsandus.es
https://www.kidsandus.es/es/academias-ingles/jerez: jerez@kidsandus.es, jerez@kidsandus.es
https://www.kidsandus.es/es/academias-ingles/elescorial: elescorial@kidsandus.es, elescorial@kidsandus.es
https://www.kidsandus.es/es/academias-ingles/cordoba: cordoba@kidsandus.es, cordoba@kidsandus.es, cordoba.openarena@kidsandus.es, cordoba.openarena@kidsandus.es, teens.cordoba@kidsandus.es, teens.cordoba@kidsandus.es
https://www.kidsandus.es/es/academias-ingles/jaen: jaen@kidsandus.es, jaen@kidsandus.es
https://www.kidsandus.es/es/academias-ingles/santiago: santiago@kidsandus.es, santiago@kidsandus.es
https://www.kidsandus.es/es/academias-ingles/dos-hermanas-entrenucleos: entrenucleos@kidsandus.es, entrenucleos@kidsandus.es
https://www.kidsandus.es/es/academias-ingles/igualada: igualada@kidsandus.es, igualada@kidsandus.es, igualada@kidsandus.es, igualada@kidsandus.es, igualada@kidsandus.es
https://www.kidsandus.es/es/academias-ingles/ferrol: ferrol@kidsandus.es, ferrol@kidsandus.es
https://www.kidsandus.es/es/academias-ingles/salamanca: salamanca.centro@kidsandus.es, salamanca.centro@kidsandus.es, salamanca.norte@kidsandus.es, salamanca.norte@kidsandus.es
https://www.kidsandus.es/es/academias-ingles/moia: moia@kidsandus.cat, moia@kidsandus.cat
https://www.kidsandus.es/es/academias-ingles/manresa: direccio.manresa@kidsandus.es, direccio.manresa@kidsandus.es, direccio.manresa@kidsandus.es, direccio.manresa@kidsandus.es
https://www.kidsandus.es/es/academias-ingles/malaga: malaga.este@kidsandus.es, malaga.este@kidsandus.es, malaga.ciudadjusticia@kidsandus.es, malaga.ciudadjusticia@kidsandus.es, teens.malagaeste@kidsandus.es, teens.malagaeste@kidsandus.es, malaga.teatinos@kidsandus.es, malaga.teatinos@kidsandus.es, malaga.centro@kidsandus.es, malaga.centro@kidsandus.es, malaga.oeste@kidsandus.es, malaga.oeste@kidsandus.es, malaga.teatinos@kidsandus.es, malaga.teatinos@kidsandus.es
https://www.kidsandus.es/es/academias-ingles/pamplona: pamplona@kidsandus.es, pamplona.mendebaldea@kidsandus.es, pamplona.mendebaldea@kidsandus.es, teens.mendebaldea@kidsandus.es, teens.mendebaldea@kidsandus.es, pamplona.rotxapea@kidsandus.es, pamplona.rotxapea@kidsandus.es, pamplona.entremutilvas@kidsandus.es, pamplona.entremutilvas@kidsandus.es
https://www.kidsandus.es/es/academias-ingles/talaveradelareina: talavera@kidsandus.es, talavera@kidsandus.es
https://www.kidsandus.es/es/academias-ingles/lagunadeduero: lagunadeduero@kidsandus.es, lagunadeduero@kidsandus.es
https://www.kidsandus.es/es/academias-ingles/vigo-independencia: vigo.urzaiz@kidsandus.es, vigo.independencia@kidsandus.es, vigo.urzaiz@kidsandus.es, vigo.urzaiz@kidsandus.es, vigo.independencia@kidsandus.es, vigo.independencia@kidsandus.es
https://www.kidsandus.es/es/academias-ingles/granadaforum: granadaforum@kidsandus.es, granadaforum@kidsandus.es
https://www.kidsandus.es/es/academias-ingles/santacruz: tnf.santacruzcentro@kidsandus.es, tnf.santacruzcentro@kidsandus.es
https://www.kidsandus.es/es/academias-ingles/irun: irun@kidsandus.es, irun@kidsandus.es, irun@kidsandus.es, irun@kidsandus.es
https://www.kidsandus.es/es/academias-ingles/mungia: mungia@kidsandus.es, mungia@kidsandus.es
https://www.kidsandus.es/es/academias-ingles/lugo-gallego: lugo@kidsandus.es, lugo@kidsandus.es
https://www.kidsandus.es/es/academias-ingles/avila: avila@kidsandus.es, avila@kidsandus.es
https://www.kidsandus.es/es/academias-ingles/gijon: gijon.centro@kidsandus.es, gijon.centro@kidsandus.es, gijon.viesques@kidsandus.es, gijon.viesques@kidsandus.es
